answer_id,student_id,full_name,email,grade,school_class,family_income,works_besides_studying,work_hours,parents_education,has_internet,has_computer,opinion_is_heard,teachers_relations,learning_difficulties,personal_professional_goals,school_support,cultural_activities,community_tradition,family_role,follows_politics,participated_in_social_movement,education_role,estimated_income,income_category,parents_education_score,teachers_relations_score,cultural_activities_count,idx_socioeconomic_digital,idx_work_overload,idx_school_bonding,idx_political_engagement,idx_cultural_capital,pca_1,pca_2,cluster,pedagogical_profile
1,1,Henry Gabriel Alves Sousa,henrygabriel.sousa@escola.com,8º ano,A,Entre 2 e 4 salários mínimos,1,20.0,Ensino médio incompleto,1,0,0,"Difícil, falta diálogo com alguns professores",Falta de concentração e motivação,Concluir os estudos e abrir um negócio próprio,Programas de mentoria com profissionais da área,"Violão, canto e coral da igreja",Festa junina da comunidade,Envolve a criança nas decisões da casa,1,1,A educação pode melhorar oportunidades e reduzir desigualdades,4500.0,Média-baixa (2 a 4 SM),2.5,1.0,3,4.23,5.0,0.0,10.0,7.5,-0.344,-2.806,0,Perfil em Desenvolvimento (Grupo 1)
2,2,Yan da Cruz Câmara,yan.camara@escola.com,8º ano,A,Entre 2 e 4 salários mínimos,0,0.0,Ensino médio incompleto,1,1,0,"Razoável, com alguns conflitos pontuais",Metodologias muito rápidas em algumas disciplinas,Entrar na universidade e trabalhar com saúde,Mais orientação vocacional e reforço escolar,"Leitura, música e esportes",Festas de aniversário comunitárias,Apoia a criatividade e a continuidade dos estudos,0,0,A educação pode melhorar oportunidades e reduzir desigualdades,4500.0,Média-baixa (2 a 4 SM),2.5,2.0,3,5.73,0.0,2.33,0.0,7.5,0.295,-1.037,0,Perfil em Desenvolvimento (Grupo 1)
3,3,João Lucas Sousa Caldeira,joaolucas.caldeira@escola.com,8º ano,A,Entre 1 e 2 salários mínimos,0,0.0,Ensino superior incompleto,1,0,0,Muito boa e acolhedora,Falta de concentração e motivação,Seguir carreira na área de tecnologia,Bibliotecas e materiais de qualidade,Jogos de tabuleiro e leitura,Quadrilha e danças regionais,A família valoriza o trabalho e a cooperação,0,0,A escola deve preparar para o mercado de trabalho,2500.0,Baixa (1 a 2 SM),3.5,4.0,2,4.15,0.0,7.0,0.0,5.0,0.053,2.072,2,Perfil em Desenvolvimento (Grupo 3)
4,4,Zoe Borges Pastor,zoe.pastor@escola.com,8º ano,A,Até 1 salário mínimo,1,40.0,Ensino médio incompleto,1,0,1,"Razoável, com alguns conflitos pontuais",Dificuldade em matemática e falta de materiais,Fazer medicina e ajudar a comunidade,"Projetos, laboratório de informática e orientação profissional",Música e artes visuais,Festas de aniversário comunitárias,A família valoriza o trabalho e a cooperação,1,0,A escola é fundamental para transformar a sociedade,1400.0,Baixa (Até 1 SM),2.5,2.0,2,2.79,10.0,5.33,5.0,5.0,-1.839,1.022,1,Perfil Trabalhador / Vulnerabilidade Econômica
5,5,Lavínia Andrade Alves,lavinia.alves@escola.com,8º ano,A,Entre 2 e 4 salários mínimos,0,0.0,Ensino fundamental incompleto,1,1,0,"Razoável, com alguns conflitos pontuais",Falta de tempo para estudar em casa,Concluir os estudos e abrir um negócio próprio,Mais orientação vocacional e reforço escolar,Música e artes visuais,Tradições de origem nordestina,Prioriza a estabilidade financeira acima de tudo,1,0,A escola deve preparar para o mercado de trabalho,4500.0,Média-baixa (2 a 4 SM),1.5,2.0,2,4.87,0.0,2.33,5.0,5.0,0.945,-0.346,2,Perfil em Desenvolvimento (Grupo 3)
6,6,Francisco Cunha da Conceição,francisco.daconceicao@escola.com,8º ano,B,Entre 4 e 6 salários mínimos,0,0.0,Ensino fundamental incompleto,1,0,1,"Razoável, com alguns conflitos pontuais",Dificuldade em matemática e falta de materiais,Fazer medicina e ajudar a comunidade,Bibliotecas e materiais de qualidade,"Desenho, cinema e fotografia",Tradições de origem nordestina,Prioriza a estabilidade financeira acima de tudo,1,0,Educação é a principal ferramenta de ascensão social,7000.0,Média-alta (4 a 6 SM),1.5,2.0,3,4.53,0.0,5.33,5.0,7.5,0.108,-0.173,0,Perfil em Desenvolvimento (Grupo 1)
7,7,Mirella Pereira Alves,mirella.alves@escola.com,8º ano,B,Entre 1 e 2 salários mínimos,0,0.0,Ensino superior completo,0,1,0,"Razoável, com alguns conflitos pontuais",Falta de apoio familiar nos estudos,Ser professor e contribuir com a educação,Bibliotecas e materiais de qualidade,Música e artes visuais,Tradições de origem nordestina,Prioriza a estabilidade financeira acima de tudo,1,1,A educação ajuda a formar cidadãos críticos e conscientes,2500.0,Baixa (1 a 2 SM),4.0,2.0,2,4.58,0.0,2.33,10.0,5.0,1.259,-0.773,2,Perfil em Desenvolvimento (Grupo 3)
8,8,Miguel Silva Rezende,miguel.rezende@escola.com,8º ano,B,Até 1 salário mínimo,0,0.0,Pós-graduação,1,0,0,"Regular, depende muito do professor",Falta de tempo para estudar em casa,Seguir carreira na área de tecnologia,Psicólogo escolar e espaço de escuta,"Leitura, música e esportes",Congada e manifestações afro-brasileiras,A família valoriza o trabalho e a cooperação,0,0,A escola é fundamental para transformar a sociedade,1400.0,Baixa (Até 1 SM),4.5,2.0,3,4.5,0.0,2.33,0.0,7.5,-0.311,-0.976,0,Perfil em Desenvolvimento (Grupo 1)
9,9,Zoe Leão Câmara,zoe.camara@escola.com,8º ano,B,Até 1 salário mínimo,1,40.0,Ensino médio completo,0,0,1,"Razoável, com alguns conflitos pontuais",Dificuldade em matemática e falta de materiais,Trabalhar com música e artes,Bibliotecas e materiais de qualidade,"Violão, canto e coral da igreja",Festa junina da comunidade,Estimula a leitura e o diálogo em casa,0,0,A educação pode melhorar oportunidades e reduzir desigualdades,1400.0,Baixa (Até 1 SM),3.0,2.0,3,1.71,10.0,5.33,0.0,7.5,-3.445,0.426,1,Perfil Trabalhador / Vulnerabilidade Econômica
10,10,Manuela Pastor da Mota,manuela.damota@escola.com,8º ano,B,Entre 4 e 6 salários mínimos,0,0.0,Pós-graduação,1,0,0,Boa e respeitosa,Falta de tempo para estudar em casa,Trabalhar com música e artes,Cursos técnicos e apoio para conciliar estudo e trabalho,Esportes coletivos e voluntariado,Tradições de origem nordestina,Incentiva os estudos e a participação em eventos locais,1,0,A educação ajuda a formar cidadãos críticos e conscientes,7000.0,Média-alta (4 a 6 SM),4.5,3.0,2,7.1,0.0,4.67,5.0,5.0,2.003,0.517,2,Perfil em Desenvolvimento (Grupo 3)
11,11,Anthony Gabriel Teixeira Castro,anthonygabriel.castro@escola.com,9º ano,A,Até 1 salário mínimo,0,0.0,Ensino fundamental completo,1,0,0,"Distante, mas sem grandes problemas",Conciliar trabalho e escola,Entrar na universidade e trabalhar com saúde,Cursos técnicos e apoio para conciliar estudo e trabalho,Capoeira e dança folclórica,Tradições de origem nordestina,Foca em disciplina e responsabilidade,0,0,A escola é fundamental para transformar a sociedade,1400.0,Baixa (Até 1 SM),2.0,2.5,2,2.36,0.0,3.5,0.0,5.0,-0.768,0.706,2,Perfil em Desenvolvimento (Grupo 3)
12,12,Lavínia Fernandes da Mota,lavinia.damota@escola.com,9º ano,A,Até 1 salário mínimo,0,0.0,Ensino médio incompleto,1,1,1,"Difícil, falta diálogo com alguns professores",Falta de apoio familiar nos estudos,Ser professor e contribuir com a educação,Cursos técnicos e apoio para conciliar estudo e trabalho,"Leitura, música e esportes",Tradições de origem nordestina,A família valoriza o trabalho e a cooperação,0,0,A educação ajuda a formar cidadãos críticos e conscientes,1400.0,Baixa (Até 1 SM),2.5,1.0,3,4.29,0.0,3.0,0.0,7.5,-0.426,-0.688,0,Perfil em Desenvolvimento (Grupo 1)
13,13,Leonardo Cunha Teixeira,leonardo.teixeira@escola.com,9º ano,A,Entre 1 e 2 salários mínimos,0,0.0,Pós-graduação,1,1,1,"Distante, mas sem grandes problemas",Falta de apoio familiar nos estudos,Entrar na universidade e trabalhar com saúde,Programas de mentoria com profissionais da área,Capoeira e dança folclórica,Tradições de origem nordestina,A família valoriza o trabalho e a cooperação,1,0,Educação é a principal ferramenta de ascensão social,2500.0,Baixa (1 a 2 SM),4.5,2.5,2,6.51,0.0,6.5,5.0,5.0,1.68,1.306,2,Perfil em Desenvolvimento (Grupo 3)
14,14,Bárbara Caldeira Borges,barbara.borges@escola.com,9º ano,A,Entre 2 e 4 salários mínimos,0,0.0,Sem escolaridade,1,1,1,"Razoável, com alguns conflitos pontuais",Dificuldade em matemática e falta de materiais,Entrar na universidade e trabalhar com saúde,Psicólogo escolar e espaço de escuta,Futebol e jogos digitais,Tradições de origem nordestina,Foca em disciplina e responsabilidade,1,0,Educação é a principal ferramenta de ascensão social,4500.0,Média-baixa (2 a 4 SM),1.0,2.0,2,4.44,0.0,5.33,5.0,5.0,0.682,0.922,2,Perfil em Desenvolvimento (Grupo 3)
15,15,Gabrielly Brito Fogaça,gabrielly.fogaca@escola.com,9º ano,A,Entre 4 e 6 salários mínimos,0,0.0,Ensino fundamental incompleto,1,0,1,"Regular, depende muito do professor",Falta de tempo para estudar em casa,Concluir os estudos e abrir um negócio próprio,Psicólogo escolar e espaço de escuta,"Leitura, música e esportes",Festa junina da comunidade,Foca em disciplina e responsabilidade,1,0,A educação pode melhorar oportunidades e reduzir desigualdades,7000.0,Média-alta (4 a 6 SM),1.5,2.0,3,4.53,0.0,5.33,5.0,7.5,0.108,-0.173,0,Perfil em Desenvolvimento (Grupo 1)
